{"po": 0.005122776032833921, "hf": 4.0045337100771864e-05, "yi": 0.00040044608197694975, "da": 0.0022871319650086246, "ey": 0.001244868285390447, "xs": 4.996654894602503e-06, "tq": 1.4989930834996976e-05, "oz": 3.497626834384494e-05, "by": 0.001294101473998004, "af": 0.0012084537619189305, "kp": 1.996356102684392e-05, "rm": 0.0015771071452119893, "oe": 0.0003241747644274768, "bh": 4.986577916686155e-06, "sk": 0.00034407310588966376, "od": 0.0006730825297443432, "ui": 0.0007875179737248323, "as": 0.006292937662911103, "py": 2.4842649982550374e-05, "mn": 0.00013414883105740237, "am": 0.0031647303326756923, "be": 0.006439655514649075, "ed": 0.015919911220236557, "ye": 0.0006976351237376565, "cd": 3.9291666412928984e-05, "bm": 3.9291006949163854e-05, "fd": 1.964517377225621e-05, "rb": 0.00015716007147589315, "sl": 0.0005991325562506279, "it": 0.008537910081587996, "ue": 0.0013207987334834916, "ki": 0.0008262622111349752, "vo": 0.0009090613644555182, "id": 0.004572884665590082, "hl": 0.00013653369089721475, "io": 0.00822081071241293, "ca": 0.004932163156555652, "pi": 0.0008825943863192682, "mz": 4.847669191098323e-06, "yl": 0.00017936340476836743, "tp": 1.938921726093105e-05, "mu": 0.0007997988768249849, "em": 0.006013492225896455, "sy": 0.00027552781599025797, "ec": 0.004949281296930658, "du": 0.0012107303457380553, "nh": 5.785538839072953e-05, "gm": 1.9284682099570454e-05, "bd": 4.8211332487333465e-06, "dw": 6.267461109045965e-05, "cu": 0.0014414798345262728, "ba": 0.00205737930724246, "rw": 7.221383840590112e-05, "vt": 2.8884703261518752e-05, "zq": 1.444218523411327e-05, "kj": 4.814034013529892e-06, "sj": 4.81402477006279e-06, "ii": 3.369810868685402e-05, "ie": 0.007100577466192829, "ky": 9.600712960594814e-05, "ow": 0.00186246770529405, "ol": 0.003655045201074332, "ru": 0.0082671136695891, "df": 0.00012413150739831605, "iv": 0.002091037939679936, "xy": 4.770196621340849e-06, "oc": 0.0019796279516522265, "hu": 0.0006482500447635783, "ce": 0.00601387794562443, "ao": 6.180661783705869e-05, "lm": 0.00014738153647914017, "zs": 9.507951653365702e-06, "nz": 2.3769792934982972e-05, "cp": 4.753915488894045e-06, "pc": 4.7539068696503305e-06, "il": 0.004192938256936125, "md": 4.746308355851328e-06, "rq": 1.4238899441899119e-05, "my": 0.0002420599836218501, "ge": 0.0032698828018790332, "cr": 0.002042924399765251, "sd": 4.2626814733530974e-05, "ff": 0.002121834078403589, "uj": 4.73245866124398e-06, "nv": 0.0008234463451126419, "lw": 2.8385932674254092e-05, "xi": 0.00033116569194115744, "cl": 0.0019678262072201124, "so": 0.0021979934390113347, "ry": 0.0035941953702752763, "xu": 5.188344452965311e-05, "we": 0.002094164225250129, "ck": 0.001187658104273984, "er": 0.0185937715016954, "ja": 0.0017919692651593275, "kg": 1.4027274908160133e-05, "oy": 0.00023378673889336448, "fo": 0.003595338566526678, "hi": 0.005752606387474031, "ad": 0.0044500697262850235, "sm": 0.0004419807747488555, "si": 0.005358764986700365, "sc": 0.0012628839073626024, "uh": 2.784545535179871e-05, "al": 0.010627578979387662, "ch": 0.005012131280643788, "je": 0.00041542101728717925, "pp": 0.0010476356054203615, "xt": 0.00019376642839696775, "cw": 4.613181950803253e-06, "kr": 0.0001522347652522513, "vg": 4.612935594606127e-06, "li": 0.006305873055425688, "et": 0.006771082486887974, "uf": 8.72584620916397e-05, "gy": 0.0001239952480283594, "ww": 1.836890458985834e-05, "ul": 0.0027966485449894747, "zz": 9.634605496416998e-05, "cn": 0.00038995961045127937, "re": 0.01841746449858772, "yz": 9.11841627792851e-06, "iy": 4.559194635750921e-06, "sh": 0.002434606330192602, "ik": 0.0003644468369336317, "np": 0.00023230744803532055, "wa": 0.002833026883661548, "yt": 1.3651605252183034e-05, "hb": 1.8202060251275163e-05, "xc": 7.280781389736138e-05, "ra": 0.007640090701953767, "fm": 9.078412292693987e-06, "gt": 0.000653643792124677, "au": 0.0016383070722733079, "fb": 9.978932224292186e-05, "de": 0.009257433782370013, "eg": 0.001080858714196754, "oo": 0.0007323836075838789, "rg": 0.000985326890382458, "lz": 1.3555358809970371e-05, "ij": 3.162903637397706e-05, "ku": 0.00012199650412318305, "kh": 4.06639488784934e-05, "ts": 0.0032666289962897184, "gb": 6.318964253104057e-05, "gs": 0.0002437266802804598, "hq": 9.026228770569008e-06, "nx": 9.026203398683441e-06, "ni": 0.003935413619877005, "ac": 0.003407719056907532, "ln": 1.8011244657710226e-05, "ap": 0.0018326339635108173, "vp": 4.500242560116967e-06, "nj": 5.850307227719829e-05, "ut": 0.0024795855850336707, "wm": 8.993450035383568e-06, "fg": 0.00010342439017525116, "uz": 4.946227007785186e-05, "su": 0.00197846079863216, "pr": 0.005495888055276574, "fy": 6.280730850402294e-05, "th": 0.019039223896499532, "yh": 8.920740116633103e-06, "wb": 1.3381074830970863e-05, "ro": 0.005557584394231098, "lv": 0.00017812052744014246, "mq": 4.452780043310041e-06, "yk": 8.905548432797428e-06, "es": 0.01180427355368841, "nk": 0.00028399162809066475, "pl": 0.0013577233819265899, "qa": 8.8705247802829e-06, "sq": 1.7741004112454316e-05, "dl": 0.0003060307530099659, "ou": 0.0048251019679850255, "cq": 7.085868539042849e-05, "vy": 3.985720032336436e-05, "aq": 2.214263590942853e-05, "mb": 0.003290374797893943, "jp": 1.3272970476120954e-05, "ej": 9.733474783216291e-05, "bc": 0.0003849039843406367, "ko": 0.0002831166387229403, "tr": 0.01303115971518591, "wr": 0.00011017385472672015, "wv": 2.203408984307794e-05, "hr": 0.0004935605616904411, "td": 4.8467987435223745e-05, "xw": 4.40612080693086e-06, "hk": 4.406115364713037e-06, "to": 0.008680036547402537, "wk": 4.395414937304022e-06, "pk": 4.395409581602191e-06, "rp": 0.00019779319016745647, "lq": 4.3951632361616324e-06, "dv": 0.00025052399930170334, "yg": 4.394852746246697e-06, "rr": 0.0009448921899400658, "gr": 0.0015993057811839514, "do": 0.001875278793242869, "hh": 5.267376569062761e-05, "wt": 1.7557667115104848e-05, "wd": 4.389395548799152e-05, "ml": 2.633605485566094e-05, "us": 0.004538547196206222, "pd": 9.6444268574271e-05, "mm": 0.0009424986413008467, "dr": 0.0008020127977944576, "ly": 0.0029663584527724104, "ho": 0.003025249411207246, "rn": 0.0014085801298461115, "uq": 8.745604888596428e-06, "mi": 0.005037456492421884, "hy": 0.00012227148041731712, "os": 0.0025938168350182556, "bl": 0.0014138231835909704, "ju": 0.0026913534499884797, "ns": 0.004764235007923886, "tj": 1.7413326854010946e-05, "bo": 0.0009577285577224326, "im": 0.003399073763612205, "tm": 0.0004826607896440004, "wh": 0.0018956156874906092, "ng": 0.007361400565802859, "sa": 0.002081848556785336, "cy": 0.0009623334745714247, "gu": 0.0011354432216948169, "el": 0.004349807105653124, "aj": 0.00017310412381031306, "ah": 0.00023800756078004673, "an": 0.014223325763980665, "nc": 0.0033930420254410917, "yu": 8.615334689836477e-06, "tv": 4.307658003193379e-06, "co": 0.006224559065312963, "uo": 4.731006096159366e-05, "of": 0.005728750600374193, "jr": 1.7178877398334546e-05, "tc": 0.00020614565068346314, "mv": 4.2944815486287844e-06, "cs": 0.00021901832582574873, "pu": 0.0011594458359390806, "ks": 0.00046364511500157965, "ee": 0.002270741932425072, "nw": 5.577141114508565e-05, "ob": 0.0017160198175547195, "lp": 0.0001329352819588239, "cc": 0.0005574523021350871, "ha": 0.005466570914648073, "pa": 0.0028002657374024214, "bp": 5.134591293406029e-05, "wl": 7.273913449427867e-05, "or": 0.010444299105278065, "fi": 0.0026460681673642046, "pw": 1.7060566422969674e-05, "oj": 8.530248377131228e-05, "se": 0.007429694639795743, "tf": 1.7029866761662084e-05, "at": 0.011627094577836358, "um": 0.006457776082723686, "le": 0.00598171585749004, "dc": 6.350210152522153e-05, "oh": 0.0002582381052447389, "jy": 4.233159980262937e-06, "iw": 4.233155857541292e-06, "ct": 0.0037675050440157377, "ab": 0.0013069110933804375, "na": 0.0042409049685359496, "pf": 8.448249136203381e-06, "no": 0.0038608424366911235, "fa": 0.0012534619109120773, "av": 0.001257325571643034, "nl": 0.00019824668981066018, "yb": 1.2653477943802537e-05, "ug": 0.0011050672523769157, "ok": 0.00021505489515281326,